Date,Adj Close,Close,High,Low,Open,Volume
,TCS.NS,TCS.NS,TCS.NS,TCS.NS,TCS.NS,TCS.NS
2023-01-02,3090.201171875,3261.449951171875,3266.85009765625,3235.199951171875,3261.0,709547
2023-01-03,3137.48095703125,3311.35009765625,3320.0,3245.300048828125,3252.0,1245178
2023-01-04,3140.607666015625,3314.64990234375,3327.35009765625,3286.199951171875,3306.699951171875,1231668
2023-01-05,3137.244140625,3311.10009765625,3337.300048828125,3281.949951171875,3330.199951171875,1826057
2023-01-06,3042.9208984375,3211.550048828125,3301.550048828125,3200.0,3300.0,2488376
2023-01-09,3145.629150390625,3319.949951171875,3327.0,3221.14990234375,3229.0,2885060
2023-01-10,3113.840576171875,3286.39990234375,3298.0,3230.10009765625,3285.0,3864655
2023-01-11,3153.919921875,3328.699951171875,3349.5,3271.14990234375,3290.10009765625,2720512
2023-01-12,3159.2734375,3334.35009765625,3350.0,3315.550048828125,3329.0,2250391
2023-01-13,3197.36279296875,3374.550048828125,3379.0,3305.0,3342.89990234375,1742837
2023-01-16,3166.49560546875,3334.050048828125,3353.0,3298.050048828125,3317.0,1843607
2023-01-17,3208.6171875,3378.39990234375,3381.800048828125,3321.0,3330.0,1688475
2023-01-18,3219.634033203125,3390.0,3408.949951171875,3372.25,3380.0,2421189
2023-01-19,3203.583251953125,3373.10009765625,3387.0,3361.0,3380.0,1585044
2023-01-20,3194.0859375,3363.10009765625,3394.64990234375,3355.60009765625,3365.0,1529349
2023-01-23,3243.2822265625,3414.89990234375,3419.0,3355.60009765625,3388.0,1067916
2023-01-24,3263.607177734375,3436.300048828125,3451.949951171875,3417.300048828125,3425.0,1387863
2023-01-25,3257.386474609375,3429.75,3435.0,3405.0,3425.300048828125,874110
2023-01-27,3239.626220703125,3411.050048828125,3446.0,3382.300048828125,3426.0,1785879
2023-01-30,3261.090576171875,3433.64990234375,3458.449951171875,3385.550048828125,3420.0,1953798
2023-01-31,3189.906982421875,3358.699951171875,3449.0,3351.0,3449.0,2820375
2023-02-01,3237.06201171875,3408.35009765625,3419.0,3355.0,3363.0,2205161
2023-02-02,3286.49609375,3460.39990234375,3469.0,3420.10009765625,3427.0,1813847
2023-02-03,3307.29541015625,3482.300048828125,3504.0,3452.89990234375,3504.0,1804469
2023-02-06,3286.068603515625,3459.949951171875,3473.14990234375,3436.85009765625,3473.14990234375,1138714
2023-02-07,3298.03515625,3472.550048828125,3493.0,3461.39990234375,3468.89990234375,1455647
2023-02-08,3343.19580078125,3520.10009765625,3539.89990234375,3478.050048828125,3478.050048828125,1986946
2023-02-09,3362.903076171875,3540.85009765625,3547.60009765625,3505.300048828125,3515.0,1655427
2023-02-10,3359.76904296875,3537.550048828125,3542.35009765625,3508.14990234375,3520.0,1187821
2023-02-13,3307.390625,3482.39990234375,3549.0,3473.39990234375,3549.0,1087939
2023-02-14,3324.200927734375,3500.10009765625,3524.85009765625,3495.0,3505.0,1579818
2023-02-15,3343.71826171875,3520.64990234375,3526.0,3460.14990234375,3487.0,1429449
2023-02-16,3379.238525390625,3558.050048828125,3575.0,3527.0,3527.199951171875,1618931
2023-02-17,3325.197998046875,3501.14990234375,3538.89990234375,3490.0,3526.14990234375,1061369
2023-02-20,3312.0439453125,3487.300048828125,3522.0,3475.050048828125,3502.0,1296082
2023-02-21,3277.568359375,3451.0,3508.89990234375,3444.75,3494.0,1139541
2023-02-22,3230.603759765625,3401.550048828125,3447.0,3395.0,3414.949951171875,1218430
2023-02-23,3242.23779296875,3413.800048828125,3452.39990234375,3408.0,3421.0,1441570
2023-02-24,3229.558837890625,3400.449951171875,3433.949951171875,3382.300048828125,3422.5,977592
2023-02-27,3164.40673828125,3331.85009765625,3390.0,3316.0,3390.0,1128022
2023-02-28,3146.361572265625,3312.85009765625,3392.0,3299.89990234375,3328.5,4116217
2023-03-01,3215.55029296875,3385.699951171875,3389.0,3315.0,3323.0,1669307
2023-03-02,3154.529052734375,3321.449951171875,3369.89990234375,3318.0,3361.0,1556538
2023-03-03,3174.188720703125,3342.14990234375,3358.0,3331.10009765625,3354.0,1043190
2023-03-06,3202.396240234375,3371.85009765625,3404.949951171875,3359.0,3361.89990234375,1334132
2023-03-08,3220.013671875,3390.39990234375,3396.0,3330.85009765625,3364.0,1844590
2023-03-09,3169.1552734375,3336.85009765625,3385.0,3330.85009765625,3385.0,1648500
2023-03-10,3163.59912109375,3331.0,3337.25,3290.0,3312.89990234375,1024404
2023-03-13,3117.013671875,3281.949951171875,3369.800048828125,3272.0,3333.0,1901233
2023-03-14,3053.381103515625,3214.949951171875,3304.39990234375,3209.39990234375,3280.0,2670334
2023-03-15,3038.137451171875,3198.89990234375,3260.35009765625,3192.0,3250.0,1780522
2023-03-16,3024.936279296875,3185.0,3219.800048828125,3172.0,3208.0,1901060
2023-03-17,3019.523193359375,3179.300048828125,3221.39990234375,3144.0,3150.5,6739966
2023-03-20,2985.332275390625,3143.300048828125,3169.64990234375,3095.050048828125,3169.64990234375,2289468
2023-03-21,2950.00146484375,3106.10009765625,3156.75,3097.449951171875,3143.300048828125,1815297
2023-03-22,2973.460205078125,3130.800048828125,3143.5,3106.10009765625,3130.050048828125,1123939
2023-03-23,2967.618896484375,3124.64990234375,3146.35009765625,3101.0,3114.89990234375,1372218
2023-03-24,2963.677978515625,3120.5,3170.0,3106.0,3148.89990234375,1329577
2023-03-27,2965.387451171875,3122.300048828125,3152.75,3106.0,3135.0,1524217
2023-03-28,2959.308837890625,3115.89990234375,3149.550048828125,3110.14990234375,3127.0,1303530
2023-03-29,2981.15283203125,3138.89990234375,3150.0,3104.10009765625,3129.0,1740616
2023-03-31,3044.785888671875,3205.89990234375,3213.0,3152.0,3189.949951171875,2382581
2023-04-03,3039.182373046875,3200.0,3224.949951171875,3173.75,3224.949951171875,1521830
2023-04-05,3076.982421875,3239.800048828125,3264.35009765625,3185.5,3185.5,2655065
2023-04-06,3058.84228515625,3220.699951171875,3257.35009765625,3215.0,3225.0,1703464
2023-04-10,3099.396240234375,3263.39990234375,3272.0,3215.0,3220.0,2203187
2023-04-11,3052.289306640625,3213.800048828125,3272.949951171875,3192.14990234375,3264.0,2348779
2023-04-12,3078.7392578125,3241.64990234375,3260.949951171875,3199.0,3227.949951171875,2417727
2023-04-13,3028.5927734375,3188.85009765625,3230.0,3180.0,3210.0,4174070
2023-04-17,2981.72314453125,3139.5,3163.39990234375,3070.25,3134.10009765625,5505048
2023-04-18,2973.412841796875,3130.75,3156.85009765625,3110.60009765625,3154.949951171875,2617302
2023-04-19,2934.3310546875,3089.60009765625,3140.0,3071.5,3130.75,3298034
2023-04-20,2948.76708984375,3104.800048828125,3113.0,3078.0,3090.0,2419999
2023-04-21,3002.000244140625,3160.85009765625,3164.449951171875,3100.800048828125,3110.0,1929184
2023-04-24,3015.248779296875,3174.800048828125,3180.949951171875,3126.14990234375,3151.10009765625,1640676
2023-04-25,3016.388671875,3176.0,3191.199951171875,3147.5,3183.0,2024090
2023-04-26,3037.42529296875,3198.14990234375,3208.39990234375,3181.0,3181.0,2000029
2023-04-27,3027.738037109375,3187.949951171875,3199.199951171875,3170.64990234375,3185.0,2434446
2023-04-28,3057.465087890625,3219.25,3227.25,3196.25,3200.39990234375,2931312
2023-05-02,3057.607666015625,3219.39990234375,3235.0,3210.0,3235.0,2321159
2023-05-03,3020.0927734375,3179.89990234375,3216.0,3173.14990234375,3216.0,2468285
2023-05-04,3058.84228515625,3220.699951171875,3224.449951171875,3178.0,3180.14990234375,1953253
2023-05-05,3068.33984375,3230.699951171875,3244.0,3210.050048828125,3220.0,1710027
2023-05-08,3087.239501953125,3250.60009765625,3254.85009765625,3231.300048828125,3245.0,928235
2023-05-09,3118.248779296875,3283.25,3298.0,3246.0,3252.60009765625,1107375
2023-05-10,3121.620361328125,3286.800048828125,3306.5,3266.050048828125,3290.0,1559987
2023-05-11,3117.2041015625,3282.14990234375,3309.699951171875,3272.0,3309.0,1719623
2023-05-12,3109.748779296875,3274.300048828125,3290.0,3260.0,3279.14990234375,1027479
2023-05-15,3091.466064453125,3255.050048828125,3292.0,3248.35009765625,3284.0,1150390
2023-05-16,3094.41015625,3258.14990234375,3285.0,3250.449951171875,3256.199951171875,986306
2023-05-17,3047.4453125,3208.699951171875,3280.0,3198.25,3255.949951171875,1588815
2023-05-18,3039.04052734375,3199.85009765625,3228.949951171875,3195.0,3225.949951171875,1369364
2023-05-19,3060.88427734375,3222.85009765625,3234.5,3203.050048828125,3210.0,1152449
2023-05-22,3132.922607421875,3298.699951171875,3308.449951171875,3217.050048828125,3230.0,1333243
2023-05-23,3131.355224609375,3297.050048828125,3327.949951171875,3290.10009765625,3306.0,1687418
2023-05-24,3137.3388671875,3303.35009765625,3317.199951171875,3276.0,3276.0,1016555
2023-05-25,3127.9833984375,3293.5,3306.0,3267.10009765625,3294.0,1374917
2023-05-26,3161.6044921875,3328.89990234375,3338.64990234375,3291.0,3293.5,1791115
2023-05-29,3153.484619140625,3320.35009765625,3372.0,3312.0,3360.800048828125,1210372
2023-05-30,3149.542724609375,3316.199951171875,3326.949951171875,3301.35009765625,3315.0,1344224
2023-05-31,3124.1845703125,3289.5,3327.699951171875,3265.14990234375,3309.0,5815424
2023-06-01,3156.95068359375,3324.0,3340.0,3297.5,3314.0,1177314
2023-06-02,3139.475830078125,3305.60009765625,3335.89990234375,3297.449951171875,3326.25,2030661
2023-06-05,3123.61474609375,3288.89990234375,3327.0,3285.050048828125,3315.0,1861468
2023-06-06,3069.859130859375,3232.300048828125,3288.85009765625,3220.60009765625,3280.0,2022849
2023-06-07,3110.318359375,3274.89990234375,3278.85009765625,3241.0,3253.0,1567196
2023-06-08,3073.800537109375,3236.449951171875,3270.0,3233.0,3261.0,1759366
2023-06-09,3048.015380859375,3209.300048828125,3250.0,3205.35009765625,3245.0,1775689
2023-06-12,3083.725341796875,3246.89990234375,3254.39990234375,3211.0,3215.0,2324605
2023-06-13,3080.686279296875,3243.699951171875,3265.0,3239.0,3260.0,1371928
2023-06-14,3087.667236328125,3251.050048828125,3255.85009765625,3225.85009765625,3243.699951171875,1658544
2023-06-15,3077.38134765625,3216.300048828125,3247.449951171875,3210.0,3245.300048828125,2273810
2023-06-16,3037.769287109375,3174.89990234375,3199.39990234375,3156.0,3197.0,4156189
2023-06-19,3071.73583984375,3210.39990234375,3214.89990234375,3175.0,3190.0,1468186
2023-06-20,3088.28857421875,3227.699951171875,3232.5,3201.050048828125,3214.0,1528452
2023-06-21,3117.471435546875,3258.199951171875,3261.39990234375,3223.949951171875,3250.0,1645987
2023-06-22,3098.622314453125,3238.5,3267.64990234375,3230.10009765625,3260.0,1529603
2023-06-23,3077.428955078125,3216.35009765625,3249.39990234375,3209.14990234375,3237.300048828125,1119505
2023-06-26,3051.88232421875,3189.64990234375,3213.89990234375,3173.0,3205.0,1978803
2023-06-27,3059.249755859375,3197.35009765625,3209.64990234375,3182.300048828125,3202.0,863542
2023-06-28,3076.56787109375,3215.449951171875,3230.949951171875,3193.39990234375,3208.0,1575872
2023-06-30,3159.618896484375,3302.25,3310.0,3214.10009765625,3220.0,2672406
2023-07-03,3130.962890625,3272.300048828125,3318.800048828125,3268.75,3314.300048828125,1687264
2023-07-04,3165.933837890625,3308.85009765625,3315.0,3277.300048828125,3290.0,1656681
2023-07-05,3176.5546875,3319.949951171875,3329.0,3305.0,3320.0,1453008
2023-07-06,3179.376953125,3322.89990234375,3328.449951171875,3302.0,3306.550048828125,1848238
2023-07-07,3185.452880859375,3329.25,3356.89990234375,3302.0,3302.0,1789326
2023-07-10,3130.62744140625,3271.949951171875,3324.75,3265.199951171875,3324.75,1407431
2023-07-11,3131.058349609375,3272.39990234375,3295.0,3260.800048828125,3295.0,1110172
2023-07-12,3119.09814453125,3259.89990234375,3289.14990234375,3250.10009765625,3280.949951171875,1515240
2023-07-13,3196.2646484375,3340.550048828125,3367.449951171875,3272.75,3284.0,4585146
2023-07-14,3362.844970703125,3514.64990234375,3524.85009765625,3352.0,3365.0,6306101
2023-07-17,3340.88671875,3491.699951171875,3549.89990234375,3477.050048828125,3510.0,2743228
2023-07-18,3345.813720703125,3496.85009765625,3524.0,3465.0,3476.0,2600090
2023-07-19,3320.171142578125,3470.050048828125,3516.85009765625,3445.64990234375,3500.0,2405370
2023-07-20,3322.329833984375,3463.300048828125,3478.89990234375,3436.050048828125,3453.10009765625,1715404
2023-07-21,3231.1962890625,3368.300048828125,3434.89990234375,3359.050048828125,3404.050048828125,3770223
2023-07-24,3256.5703125,3394.75,3413.449951171875,3372.10009765625,3381.0,1680132
2023-07-25,3260.791259765625,3399.14990234375,3406.800048828125,3380.199951171875,3397.5,1272980
2023-07-26,3250.382568359375,3388.300048828125,3420.85009765625,3385.0,3400.35009765625,1066803
2023-07-27,3258.632568359375,3396.89990234375,3411.64990234375,3385.050048828125,3394.949951171875,1701769
2023-07-28,3218.82177734375,3355.39990234375,3393.699951171875,3331.0,3385.0,2599831
2023-07-31,3282.18310546875,3421.449951171875,3426.64990234375,3360.89990234375,3364.39990234375,2743678
2023-08-01,3311.5380859375,3452.050048828125,3460.0,3415.0,3415.0,1956167
2023-08-02,3300.601806640625,3440.64990234375,3446.39990234375,3413.60009765625,3434.949951171875,1914899
2023-08-03,3261.558349609375,3399.949951171875,3433.25,3368.0,3420.0,2026351
2023-08-04,3303.383544921875,3443.550048828125,3471.0,3401.25,3401.25,2248493
2023-08-07,3342.2353515625,3484.050048828125,3488.0,3441.25,3453.949951171875,1853889
2023-08-08,3329.33251953125,3470.60009765625,3489.949951171875,3456.60009765625,3484.050048828125,1634225
2023-08-09,3321.5625,3462.5,3467.0,3425.050048828125,3464.89990234375,1794589
2023-08-10,3301.99267578125,3442.10009765625,3464.89990234375,3430.050048828125,3450.0,1096701
2023-08-11,3308.42041015625,3448.800048828125,3466.64990234375,3414.0,3438.10009765625,1679974
2023-08-14,3309.42724609375,3449.85009765625,3455.0,3411.0,3440.699951171875,1190425
2023-08-16,3317.62939453125,3458.39990234375,3466.0,3435.199951171875,3450.0,1328445
2023-08-17,3295.901123046875,3435.75,3460.800048828125,3413.199951171875,3455.0,1843241
2023-08-18,3230.04541015625,3367.10009765625,3410.0,3356.5,3410.0,2526749
2023-08-21,3263.189208984375,3401.64990234375,3409.75,3372.0,3375.0,1375579
2023-08-22,3244.48291015625,3382.14990234375,3411.0,3365.050048828125,3400.0,1222012
2023-08-23,3259.92724609375,3398.25,3402.0,3376.0,3388.0,1330046
2023-08-24,3249.85498046875,3387.75,3413.050048828125,3378.10009765625,3408.0,1152881
2023-08-25,3243.667236328125,3381.300048828125,3385.800048828125,3350.25,3375.0,1158046
2023-08-28,3238.1513671875,3375.550048828125,3394.0,3360.10009765625,3394.0,1037485
2023-08-29,3238.727294921875,3376.14990234375,3389.550048828125,3365.0,3381.050048828125,944517
2023-08-30,3252.9248046875,3390.949951171875,3408.10009765625,3383.050048828125,3398.0,1188200
2023-08-31,3220.16455078125,3356.800048828125,3417.39990234375,3343.64990234375,3401.0,3417652
2023-09-01,3241.653076171875,3379.199951171875,3389.0,3356.800048828125,3366.0,1277950
2023-09-04,3279.353271484375,3418.5,3432.85009765625,3370.050048828125,3378.0,1828332
2023-09-05,3289.76171875,3429.35009765625,3447.0,3405.14990234375,3420.0,1501842
2023-09-06,3290.289306640625,3429.89990234375,3443.89990234375,3398.10009765625,3434.0,1314818
2023-09-07,3314.607177734375,3455.25,3460.0,3422.300048828125,3430.800048828125,1885092
2023-09-08,3301.800537109375,3441.89990234375,3465.0,3435.050048828125,3455.25,1518917
2023-09-11,3338.9736328125,3480.64990234375,3485.699951171875,3445.0,3462.0,1783604
2023-09-12,3435.047119140625,3580.800048828125,3589.89990234375,3483.0,3492.0,4476016
2023-09-13,3422.62451171875,3567.85009765625,3588.85009765625,3545.0,3571.10009765625,1754929
2023-09-14,3415.1416015625,3560.050048828125,3597.699951171875,3545.60009765625,3570.050048828125,2604721
2023-09-15,3451.8349609375,3598.300048828125,3607.35009765625,3562.449951171875,3567.85009765625,2952897
2023-09-18,3459.364990234375,3606.14990234375,3619.300048828125,3575.25,3580.050048828125,1395753
2023-09-20,3459.26953125,3606.050048828125,3625.0,3580.0,3580.0,1649396
2023-09-21,3439.364013671875,3585.300048828125,3605.0,3528.0,3588.550048828125,2004073
2023-09-22,3456.966796875,3603.64990234375,3633.75,3565.050048828125,3584.0,1989083
2023-09-25,3431.545654296875,3577.14990234375,3620.0,3558.64990234375,3602.5,1238778
2023-09-26,3439.747314453125,3585.699951171875,3594.949951171875,3536.0,3567.60009765625,1726062
2023-09-27,3443.201416015625,3589.300048828125,3614.0,3555.699951171875,3590.0,1541134
2023-09-28,3392.790283203125,3536.75,3602.800048828125,3527.35009765625,3600.0,1755753
2023-09-29,3384.9716796875,3528.60009765625,3568.449951171875,3505.550048828125,3537.199951171875,2243791
2023-10-03,3370.822265625,3513.85009765625,3534.199951171875,3480.10009765625,3534.199951171875,1948148
2023-10-04,3393.74951171875,3537.75,3548.0,3477.300048828125,3486.300048828125,1788138
2023-10-05,3443.2490234375,3589.35009765625,3624.0,3551.199951171875,3554.0,2990768
2023-10-06,3473.994384765625,3621.39990234375,3634.949951171875,3575.050048828125,3591.0,2075691
2023-10-09,3490.2548828125,3638.35009765625,3679.0,3631.0,3645.050048828125,4233074
2023-10-10,3481.18896484375,3628.89990234375,3648.0,3601.35009765625,3640.050048828125,1848148
2023-10-11,3462.96240234375,3609.89990234375,3650.0,3605.0,3650.0,2426417
2023-10-12,3398.353759765625,3542.550048828125,3588.64990234375,3538.10009765625,3575.0,4241281
2023-10-13,3425.501953125,3570.85009765625,3577.0,3525.0,3530.0,2890357
2023-10-16,3380.606689453125,3524.050048828125,3574.64990234375,3519.10009765625,3566.0,1671104
2023-10-17,3364.29931640625,3507.050048828125,3534.14990234375,3503.35009765625,3530.0,1672065
2023-10-18,3345.304931640625,3487.25,3522.699951171875,3484.0,3511.0,1408245
2023-10-19,3323.56884765625,3455.64990234375,3476.85009765625,3451.89990234375,3469.5,1514545
2023-10-20,3360.981689453125,3494.550048828125,3499.5,3444.050048828125,3450.39990234375,1481211
2023-10-23,3279.807861328125,3410.14990234375,3478.949951171875,3401.300048828125,3473.0,1106272
2023-10-25,3260.5244140625,3390.10009765625,3425.0,3377.199951171875,3390.5,1518537
2023-10-26,3209.212890625,3336.75,3373.699951171875,3330.0,3368.050048828125,1984471
2023-10-27,3222.870361328125,3350.949951171875,3362.0,3337.0,3350.0,1108851
2023-10-30,3249.41552734375,3378.550048828125,3382.85009765625,3333.75,3350.0,910972
2023-10-31,3239.989990234375,3368.75,3399.0,3350.050048828125,3399.0,999811
2023-11-01,3203.346435546875,3330.64990234375,3371.60009765625,3311.0,3355.0,1563475
2023-11-02,3231.671142578125,3360.10009765625,3375.949951171875,3343.199951171875,3343.199951171875,1245384
2023-11-03,3222.822509765625,3350.89990234375,3387.89990234375,3344.300048828125,3382.0,1402598
2023-11-06,3251.050537109375,3380.25,3392.300048828125,3359.0,3375.0,1099852
2023-11-07,3241.625,3370.449951171875,3404.14990234375,3366.0,3378.0,1191144
2023-11-08,3252.301025390625,3381.550048828125,3401.949951171875,3369.550048828125,3371.449951171875,992899
2023-11-09,3219.504150390625,3347.449951171875,3391.5,3342.050048828125,3390.10009765625,2112352
2023-11-10,3206.03955078125,3333.449951171875,3347.449951171875,3322.35009765625,3338.0,1338557
2023-11-13,3204.2119140625,3331.550048828125,3356.0,3327.0,3356.0,1030990
2023-11-15,3274.18115234375,3404.300048828125,3413.0,3356.050048828125,3383.10009765625,2059802
2023-11-16,3364.15576171875,3497.85009765625,3529.35009765625,3414.199951171875,3430.050048828125,3951984
2023-11-17,3368.580322265625,3502.449951171875,3524.5,3492.550048828125,3497.85009765625,2021292
2023-11-20,3385.07470703125,3519.60009765625,3533.89990234375,3491.25,3491.25,1475621
2023-11-21,3376.033935546875,3510.199951171875,3539.050048828125,3501.0,3519.60009765625,1807236
2023-11-22,3395.220947265625,3530.14990234375,3532.64990234375,3481.10009765625,3500.0,1798051
2023-11-23,3374.158203125,3508.25,3544.0,3500.0,3530.0,2729804
2023-11-24,3324.96337890625,3457.10009765625,3504.550048828125,3453.0,3494.25,1989733
2023-11-28,3337.5146484375,3470.14990234375,3481.25,3433.0,3457.10009765625,1689195
2023-11-29,3379.447998046875,3513.75,3518.0,3475.800048828125,3481.0,1441634
2023-11-30,3354.297607421875,3487.60009765625,3516.64990234375,3481.0,3499.449951171875,3266235
2023-12-01,3377.42822265625,3511.64990234375,3516.949951171875,3490.050048828125,3500.0,1172141
2023-12-04,3378.197998046875,3512.449951171875,3547.800048828125,3498.0,3544.64990234375,1625213
2023-12-05,3396.615966796875,3531.60009765625,3538.0,3502.800048828125,3538.0,1377656
2023-12-06,3466.344970703125,3604.10009765625,3612.85009765625,3525.14990234375,3532.60009765625,1896572
2023-12-07,3476.731689453125,3614.89990234375,3630.550048828125,3591.699951171875,3605.0,1967653
2023-12-08,3488.080810546875,3626.699951171875,3645.0,3602.050048828125,3633.0,1641155
2023-12-11,3503.66162109375,3642.89990234375,3653.0,3615.0,3622.89990234375,1102503
2023-12-12,3531.74560546875,3672.10009765625,3698.39990234375,3631.0,3638.949951171875,2236866
2023-12-13,3456.1982421875,3593.550048828125,3650.0,3563.0,3643.550048828125,3850968
2023-12-14,3527.080810546875,3667.25,3678.0,3627.60009765625,3630.0,3290396
2023-12-15,3713.42529296875,3861.0,3895.949951171875,3666.699951171875,3666.699951171875,8531230
2023-12-18,3711.6943359375,3859.199951171875,3929.0,3830.14990234375,3858.10009765625,2521612
2023-12-19,3670.337890625,3816.199951171875,3855.10009765625,3790.0,3845.0,2004435
2023-12-20,3635.569580078125,3780.050048828125,3898.800048828125,3766.550048828125,3827.25,2586083
2023-12-21,3642.734619140625,3787.5,3806.699951171875,3743.35009765625,3756.25,1517562
2023-12-22,3677.83984375,3824.0,3845.949951171875,3762.0,3800.0,2413058
2023-12-26,3650.47705078125,3795.550048828125,3834.0,3790.14990234375,3819.85009765625,1285231
2023-12-27,3665.529052734375,3811.199951171875,3818.199951171875,3768.0,3799.0,1293976
2023-12-28,3654.660888671875,3799.89990234375,3838.0,3792.10009765625,3824.0,1682889
2023-12-29,3648.409423828125,3793.39990234375,3822.60009765625,3765.39990234375,3792.0,1574996
2024-01-01,3665.432861328125,3811.10009765625,3832.0,3773.0,3790.0,825907
2024-01-02,3638.59912109375,3783.199951171875,3811.10009765625,3767.25,3811.10009765625,1344068
2024-01-03,3550.64453125,3691.75,3771.85009765625,3687.050048828125,3767.0,1803075
2024-01-04,3526.6484375,3666.800048828125,3719.0,3651.0,3701.75,3598144
2024-01-05,3595.030517578125,3737.89990234375,3747.75,3674.85009765625,3675.0,1963127
2024-01-08,3537.708740234375,3678.300048828125,3739.75,3672.39990234375,3737.89990234375,1067805
2024-01-09,3548.864990234375,3689.89990234375,3752.35009765625,3682.75,3709.949951171875,1370944
2024-01-10,3571.130615234375,3713.050048828125,3729.25,3688.0,3690.0,1292227
2024-01-11,3592.7705078125,3735.550048828125,3773.0,3707.0,3724.0,1777909
2024-01-12,3734.392333984375,3882.800048828125,3905.25,3821.60009765625,3848.0,6813450
2024-01-15,3754.589599609375,3903.800048828125,3965.0,3885.0,3960.0,2801505
2024-01-16,3713.71435546875,3861.300048828125,3899.0,3855.550048828125,3899.0,1432672
2024-01-17,3736.123291015625,3884.60009765625,3909.949951171875,3812.550048828125,3819.0,3458696
2024-01-18,3753.435546875,3902.60009765625,3908.800048828125,3862.0,3898.0,2239110
2024-01-19,3801.10546875,3943.050048828125,3963.550048828125,3915.050048828125,3945.0,2941975
2024-01-23,3719.358154296875,3858.25,3933.89990234375,3842.75,3900.0,2618854
2024-01-24,3703.500244140625,3841.800048828125,3883.64990234375,3805.60009765625,3880.0,2657709
2024-01-25,3673.13427734375,3810.300048828125,3861.0,3778.699951171875,3839.89990234375,2205154
2024-01-29,3664.1689453125,3801.0,3820.0,3780.85009765625,3800.800048828125,1646747
2024-01-30,3663.735107421875,3800.550048828125,3847.800048828125,3787.0,3807.449951171875,1411621
2024-01-31,3678.580810546875,3815.949951171875,3834.0,3796.449951171875,3811.199951171875,2459358
2024-02-01,3715.405517578125,3854.14990234375,3904.89990234375,3805.050048828125,3820.0,2363107
2024-02-02,3823.518310546875,3966.300048828125,3984.39990234375,3872.0,3875.050048828125,2826510
2024-02-05,3830.2666015625,3973.300048828125,4022.0,3962.10009765625,3983.0,1691523
2024-02-06,3987.109375,4136.0,4149.89990234375,3990.0,3997.0,4474396
2024-02-07,3936.40283203125,4083.39990234375,4155.0,4073.949951171875,4153.0,2124267
2024-02-08,3985.27783203125,4134.10009765625,4158.0,4086.050048828125,4090.0,2345173
2024-02-09,3984.892333984375,4133.7001953125,4184.75,4100.0,4136.5498046875,2100596
2024-02-12,3972.360595703125,4120.7001953125,4159.60009765625,4105.5498046875,4130.0,1013716
2024-02-13,4000.123291015625,4149.5,4170.0,4081.5,4125.4501953125,1257415
2024-02-14,3952.501953125,4100.10009765625,4114.89990234375,4049.5,4107.0,1391283
2024-02-15,3955.490234375,4103.2001953125,4146.2998046875,4083.0,4128.0,1091582
2024-02-16,3979.686767578125,4128.2998046875,4147.9501953125,4100.10009765625,4113.25,1307556
2024-02-19,3956.068603515625,4103.7998046875,4128.2998046875,4055.0,4123.0498046875,772291
2024-02-20,3885.5517578125,4030.64990234375,4098.0,4010.0,4082.10009765625,1193648
2024-02-21,3847.8115234375,3991.5,4063.35009765625,3980.60009765625,4013.0,1885939
2024-02-22,3939.9697265625,4087.10009765625,4094.949951171875,3971.0,3971.0,2982052
2024-02-23,3906.229736328125,4052.10009765625,4130.0,4046.39990234375,4130.0,2538072
2024-02-26,3857.017578125,4001.050048828125,4050.0,3982.75,4036.0,1379284
2024-02-27,3956.64697265625,4104.39990234375,4124.0,3999.0,3999.0,2960475
2024-02-28,3970.67333984375,4118.9501953125,4154.89990234375,4089.0,4095.60009765625,1939225
2024-02-29,3947.68212890625,4095.10009765625,4138.10009765625,4064.550048828125,4099.0,3772719
2024-03-01,3946.958984375,4094.35009765625,4140.0,4086.800048828125,4107.2001953125,2043265
2024-03-04,3933.800048828125,4080.699951171875,4117.89990234375,4075.89990234375,4105.0,1749271
2024-03-05,3867.669677734375,4012.10009765625,4064.0,3980.0,4062.0,2070859
2024-03-06,3917.99072265625,4064.300048828125,4072.0,3958.449951171875,3994.050048828125,1744204
2024-03-07,3960.69580078125,4108.60009765625,4124.0,4037.699951171875,4065.0,2688905
2024-03-11,3973.950927734375,4122.35009765625,4153.0,4089.0,4089.0,2304068
2024-03-12,4041.33447265625,4192.25,4229.9501953125,4121.0498046875,4122.35009765625,4039801
2024-03-13,3999.64111328125,4149.0,4241.0,4131.89990234375,4205.0,2837260
2024-03-14,4056.13134765625,4207.60009765625,4225.0,4086.0,4153.4501953125,2919608
2024-03-15,4067.3623046875,4219.25,4239.0,4177.0,4192.60009765625,3373143
2024-03-18,4003.015380859375,4152.5,4254.75,4117.85009765625,4215.25,1526904
2024-03-19,3834.12255859375,3977.300048828125,4058.0,3966.60009765625,4051.25,8931209
2024-03-20,3827.952392578125,3970.89990234375,4018.0,3960.199951171875,3986.0,1817913
2024-03-21,3829.928955078125,3972.949951171875,4008.39990234375,3948.0,3990.050048828125,3829582
2024-03-22,3770.11279296875,3910.89990234375,3938.0,3855.0,3897.0,5852485
2024-03-26,3737.9150390625,3877.5,3946.699951171875,3871.449951171875,3875.0,3440925
2024-03-27,3702.632568359375,3840.89990234375,3895.0,3829.39990234375,3888.5,1968575
2024-03-28,3736.75830078125,3876.300048828125,3915.0,3840.5,3850.10009765625,4311783
2024-04-01,3775.752197265625,3916.75,3933.300048828125,3888.050048828125,3897.699951171875,1569676
2024-04-02,3743.988525390625,3883.800048828125,3909.85009765625,3873.0,3890.0,2142666
2024-04-03,3805.202392578125,3947.300048828125,3981.0,3851.0,3851.0,3973090
2024-04-04,3859.1865234375,4003.300048828125,4028.64990234375,3935.25,3975.89990234375,3394637
2024-04-05,3836.002197265625,3979.25,4002.0,3960.5,3978.0,1636819
2024-04-08,3829.543701171875,3972.550048828125,4032.64990234375,3960.0,3983.0,2302538
2024-04-09,3804.479248046875,3946.550048828125,4015.85009765625,3925.050048828125,3984.0,1876992
2024-04-10,3841.207763671875,3984.64990234375,3990.199951171875,3918.0,3956.39990234375,2101965
2024-04-12,3857.35498046875,4001.39990234375,4013.35009765625,3945.5,3971.0,4354821
2024-04-15,3799.322021484375,3941.199951171875,4064.199951171875,3919.050048828125,4001.39990234375,4200329
2024-04-16,3733.384033203125,3872.800048828125,3928.699951171875,3862.85009765625,3902.0,3051420
2024-04-18,3722.97314453125,3862.0,3936.0,3850.0,3876.800048828125,3476284
2024-04-19,3688.461669921875,3826.199951171875,3852.550048828125,3800.89990234375,3838.0,2957749
2024-04-22,3725.479248046875,3864.60009765625,3878.0,3812.0,3837.0,1728883
2024-04-23,3735.216064453125,3874.699951171875,3895.0,3860.60009765625,3877.050048828125,1807586
2024-04-24,3693.13720703125,3831.050048828125,3898.0,3824.449951171875,3890.0,1317312
2024-04-25,3713.52587890625,3852.199951171875,3873.64990234375,3811.0,3811.199951171875,2856271
2024-04-26,3683.786865234375,3821.35009765625,3876.800048828125,3802.550048828125,3855.14990234375,2039178
2024-04-29,3730.8779296875,3870.199951171875,3877.800048828125,3819.199951171875,3838.0,1110693
2024-04-30,3683.111572265625,3820.64990234375,3881.75,3810.0,3872.0,2203078
2024-05-02,3724.226318359375,3863.300048828125,3871.10009765625,3778.050048828125,3778.050048828125,2491044
2024-05-03,3705.04248046875,3843.39990234375,3893.60009765625,3797.60009765625,3890.14990234375,2962234
2024-05-06,3779.897216796875,3921.050048828125,3939.949951171875,3853.0,3853.0,2053831
2024-05-07,3835.713134765625,3978.949951171875,3988.0,3913.5,3930.800048828125,2062112
2024-05-08,3833.78515625,3976.949951171875,3984.300048828125,3938.60009765625,3961.0,1247685
2024-05-09,3817.63818359375,3960.199951171875,3971.0,3910.050048828125,3962.0,1726486
2024-05-10,3753.724609375,3893.89990234375,3973.60009765625,3885.050048828125,3962.60009765625,1672489
2024-05-13,3805.684326171875,3947.800048828125,3955.0,3870.0,3884.5,931326
2024-05-14,3760.761962890625,3901.199951171875,3945.800048828125,3892.89990234375,3936.0,1058317
2024-05-15,3740.710693359375,3880.39990234375,3926.949951171875,3875.5,3904.5,1115021
2024-05-16,3787.85302734375,3900.949951171875,3909.5,3843.5,3891.10009765625,2599399
2024-05-17,3722.94140625,3834.10009765625,3920.0,3830.0,3919.0,2765804
2024-05-21,3709.444091796875,3820.199951171875,3844.75,3810.050048828125,3830.60009765625,1908117
2024-05-22,3720.902099609375,3832.0,3841.25,3817.550048828125,3835.0,1311168
2024-05-23,3780.5703125,3893.449951171875,3905.0,3825.5,3840.949951171875,2095742
2024-05-24,3737.894775390625,3849.5,3883.800048828125,3844.300048828125,3878.25,1309452
2024-05-27,3735.515869140625,3847.050048828125,3908.35009765625,3841.35009765625,3855.0,1841538
2024-05-28,3728.572998046875,3839.89990234375,3870.0,3830.0,3858.0,1801993
2024-05-29,3693.3740234375,3803.64990234375,3848.89990234375,3800.0,3848.89990234375,1568095
2024-05-30,3627.782470703125,3736.10009765625,3794.39990234375,3715.449951171875,3777.0,2919230
2024-05-31,3564.52099609375,3670.949951171875,3749.800048828125,3653.75,3740.0,10956800
2024-06-03,3595.496337890625,3702.85009765625,3751.550048828125,3696.0,3732.800048828125,2156773
2024-06-04,3607.2939453125,3715.0,3745.0,3591.5,3700.0,3395997
2024-06-05,3637.832275390625,3746.449951171875,3783.800048828125,3700.0,3716.0,2799670
2024-06-06,3719.3486328125,3830.39990234375,3839.89990234375,3741.5,3781.0,4328036
2024-06-07,3781.05615234375,3893.949951171875,3915.0,3837.300048828125,3837.300048828125,4552445
2024-06-10,3746.827880859375,3858.699951171875,3905.89990234375,3841.89990234375,3895.0,1734661
2024-06-11,3740.41943359375,3852.10009765625,3879.949951171875,3841.0,3845.0,1419898
2024-06-12,3720.56201171875,3831.64990234375,3893.5,3827.449951171875,3874.39990234375,2177001
2024-06-13,3765.714111328125,3878.14990234375,3890.0,3852.0,3856.800048828125,1932323
2024-06-14,3720.950439453125,3832.050048828125,3889.0,3828.0,3889.0,1860730
2024-06-18,3704.4921875,3815.10009765625,3842.0,3795.050048828125,3826.050048828125,1774045
2024-06-19,3691.48046875,3801.699951171875,3833.85009765625,3792.949951171875,3827.64990234375,1509050
2024-06-20,3677.44921875,3787.25,3809.949951171875,3780.050048828125,3796.0,2846526
2024-06-21,3700.267822265625,3810.75,3877.800048828125,3798.050048828125,3827.0,4642195
2024-06-24,3706.142822265625,3816.800048828125,3857.0,3791.300048828125,3808.75,1702154
2024-06-25,3727.164794921875,3838.449951171875,3847.64990234375,3792.89990234375,3817.0,1338808
2024-06-26,3744.060546875,3855.85009765625,3866.949951171875,3841.0,3844.5,1639845
2024-06-27,3820.09033203125,3934.14990234375,3942.0,3818.10009765625,3831.0,4526556
2024-06-28,3790.96044921875,3904.14990234375,3960.0,3897.85009765625,3917.800048828125,2731571
2024-07-01,3862.863525390625,3978.199951171875,4001.699951171875,3884.0,3884.0,2658723
2024-07-02,3900.9267578125,4017.39990234375,4023.39990234375,3982.550048828125,3993.60009765625,2307449
2024-07-03,3850.288818359375,3965.25,4026.10009765625,3955.0,4020.0,1821198
2024-07-04,3904.373779296875,4020.949951171875,4047.35009765625,3982.10009765625,3999.85009765625,2518001
2024-07-05,3895.4892578125,4011.800048828125,4026.75,3988.0,4010.0,1668616
2024-07-08,3877.4287109375,3993.199951171875,4031.25,3978.050048828125,4022.0,1758882
2024-07-09,3869.951904296875,3985.5,4006.949951171875,3975.10009765625,3985.0,1305801
2024-07-10,3795.815185546875,3909.14990234375,4003.300048828125,3902.0,3983.699951171875,2669716
2024-07-11,3809.943359375,3923.699951171875,3980.0,3895.60009765625,3931.0,4872189
2024-07-12,4062.6484375,4183.9501953125,4199.9501953125,3971.300048828125,3980.0,13509164
2024-07-15,4048.326416015625,4169.2001953125,4240.0,4157.0498046875,4235.7001953125,4848030
2024-07-16,4057.307861328125,4178.4501953125,4194.5498046875,4144.89990234375,4172.0,2029521
2024-07-18,4190.4326171875,4315.5498046875,4325.0,4160.0,4160.0,5613364
2024-07-19,4187.36669921875,4302.39990234375,4358.75,4285.25,4317.39990234375,3903354
2024-07-22,4172.7197265625,4287.35009765625,4319.9501953125,4265.0,4299.9501953125,1896386
2024-07-23,4187.318359375,4302.35009765625,4361.7001953125,4266.2998046875,4283.0,2365208
2024-07-24,4191.11376953125,4306.25,4339.10009765625,4268.10009765625,4287.5,1809793
2024-07-25,4206.9296875,4322.5,4343.0,4274.2001953125,4295.0,2810342
2024-07-26,4270.5322265625,4387.85009765625,4422.4501953125,4337.0498046875,4350.0,3552210
2024-07-29,4263.962890625,4381.10009765625,4431.0,4371.0,4415.0,1746803
2024-07-30,4248.6337890625,4365.35009765625,4398.0,4327.2998046875,4391.10009765625,1797906
2024-07-31,4268.09912109375,4385.35009765625,4414.0,4345.0,4350.0,2330091
2024-08-01,4279.53466796875,4397.10009765625,4419.2998046875,4365.0498046875,4399.39990234375,2202244
2024-08-02,4168.5341796875,4283.0498046875,4398.0,4270.0,4365.0,2811282
2024-08-05,4043.956787109375,4155.0498046875,4239.0,4110.5,4239.0,2787771
2024-08-06,4059.6748046875,4171.2001953125,4258.25,4160.7998046875,4170.9501953125,2203067
2024-08-07,4088.14306640625,4200.4501953125,4244.9501953125,4180.2998046875,4228.0,1237666
2024-08-08,4060.989013671875,4172.5498046875,4232.0,4160.0,4181.0,2441283
2024-08-09,4115.6865234375,4228.75,4253.64990234375,4205.5498046875,4217.0,1302536
2024-08-12,4083.471435546875,4195.64990234375,4239.0,4186.35009765625,4230.0,936912
2024-08-13,4084.73681640625,4196.9501953125,4234.0,4183.0,4213.0,1495593
2024-08-14,4180.40869140625,4295.25,4306.2001953125,4188.14990234375,4209.0,3226545
2024-08-16,4297.97802734375,4416.0498046875,4427.0,4325.10009765625,4350.0,3457058
2024-08-19,4369.951171875,4490.0,4494.25,4390.35009765625,4421.0,2055210
2024-08-20,4402.36083984375,4523.2998046875,4565.0,4500.0,4505.0,2212298
2024-08-21,4429.80712890625,4551.5,4560.0,4492.5498046875,4518.0,1896990
2024-08-22,4381.63037109375,4502.0,4560.9501953125,4497.2001953125,4560.0,1829872
2024-08-23,4344.548828125,4463.89990234375,4506.0,4455.0,4500.0,1809253
2024-08-26,4382.068359375,4502.4501953125,4552.14990234375,4485.0,4489.0,1844164
2024-08-27,4376.90966796875,4497.14990234375,4510.0,4486.7998046875,4505.0,930697
2024-08-28,4385.57177734375,4506.0498046875,4562.5,4457.2998046875,4498.75,1848058
2024-08-29,4391.16845703125,4511.7998046875,4556.0,4460.0,4460.0,2133641
2024-08-30,4431.99658203125,4553.75,4592.25,4487.7998046875,4500.0,3637222
2024-09-02,4400.1708984375,4521.0498046875,4588.0,4512.0,4576.0,1216500
2024-09-03,4391.70361328125,4512.35009765625,4555.89990234375,4495.89990234375,4521.0498046875,1717263
2024-09-04,4359.48876953125,4479.25,4487.0,4436.7001953125,4476.9501953125,1265505
2024-09-05,4356.27734375,4475.9501953125,4499.0,4454.14990234375,4481.0,1688793
2024-09-06,4337.59033203125,4456.75,4518.9501953125,4440.0,4473.9501953125,1649179
2024-09-09,4330.58251953125,4449.5498046875,4490.25,4430.5,4455.0,1184938
2024-09-10,4387.32373046875,4507.85009765625,4539.9501953125,4440.4501953125,4442.4501953125,1385591
2024-09-11,4359.5859375,4479.35009765625,4549.35009765625,4471.25,4521.4501953125,1325919
2024-09-12,4396.9111328125,4517.7001953125,4532.60009765625,4431.2998046875,4510.25,2742216
2024-09-13,4401.6796875,4522.60009765625,4547.0,4505.0,4530.0,1458786
2024-09-16,4392.580078125,4513.25,4546.0498046875,4494.4501953125,4527.0,1155120
2024-09-17,4385.1826171875,4505.64990234375,4535.7998046875,4466.0,4513.25,1699364
2024-09-18,4229.947265625,4346.14990234375,4497.0498046875,4321.0,4497.0498046875,2961779
2024-09-19,4181.2841796875,4296.14990234375,4422.2001953125,4281.7998046875,4390.0498046875,2927551
2024-09-20,4170.3349609375,4284.89990234375,4330.7001953125,4227.5,4316.89990234375,5447908
2024-09-23,4154.3740234375,4268.5,4309.39990234375,4253.0,4300.0,1702319
2024-09-24,4157.0986328125,4271.2998046875,4291.0,4240.0,4251.64990234375,3012026
2024-09-25,4160.45654296875,4274.75,4289.60009765625,4240.0,4252.35009765625,2713073
2024-09-26,4177.73193359375,4292.5,4316.7998046875,4260.0,4260.0,3964251
2024-09-27,4193.49853515625,4308.7001953125,4378.0,4300.0498046875,4335.0,3012477
2024-09-30,4154.3740234375,4268.5,4298.75,4260.0498046875,4286.89990234375,2503416
2024-10-01,4173.2548828125,4287.89990234375,4295.75,4242.9501953125,4255.5498046875,1823365
2024-10-03,4119.57958984375,4232.75,4279.0,4210.0,4262.60009765625,3350119
2024-10-04,4138.55810546875,4252.25,4298.0,4224.0498046875,4225.0,2965463
2024-10-07,4158.60693359375,4272.85009765625,4297.25,4229.39990234375,4273.89990234375,1472619
2024-10-08,4139.53125,4253.25,4279.39990234375,4203.9501953125,4272.60009765625,1541867
2024-10-09,4139.2392578125,4252.9501953125,4295.0,4246.7001953125,4260.0,1082504
2024-10-10,4114.37255859375,4227.39990234375,4293.85009765625,4198.60009765625,4253.25,2378875
2024-10-11,4038.26318359375,4149.2001953125,4241.9501953125,4112.4501953125,4143.0,5759183
2024-10-14,4026.048828125,4136.64990234375,4165.39990234375,4122.2001953125,4140.0,2137590
2024-10-15,4006.72900390625,4116.7998046875,4169.9501953125,4095.0,4131.0498046875,2759474
2024-10-16,3985.463623046875,4094.949951171875,4115.0,4067.199951171875,4085.0,2359151
2024-10-17,3999.137939453125,4109.0,4129.9501953125,4092.949951171875,4112.7998046875,2522659
2024-10-18,4022.601806640625,4123.0498046875,4146.14990234375,4080.0,4090.0,2361000
2024-10-21,3980.45458984375,4079.85009765625,4139.9501953125,4070.0,4132.60009765625,1595450
2024-10-22,3917.672119140625,4015.5,4089.800048828125,4006.35009765625,4066.0,1928049
2024-10-23,3967.185791015625,4066.25,4113.5498046875,3995.14990234375,3999.60009765625,1966476
2024-10-24,3949.28271484375,4047.89990234375,4079.0,4004.0,4004.0,2676744
2024-10-25,3958.697998046875,4057.550048828125,4092.0,4032.699951171875,4057.050048828125,1759676
2024-10-28,3991.1865234375,4090.85009765625,4134.0,4051.0,4068.949951171875,1532534
2024-10-29,3975.966552734375,4075.25,4103.5,4060.10009765625,4095.85009765625,1445885
2024-10-30,3985.137451171875,4084.64990234375,4107.0,4060.050048828125,4075.0,1935002
2024-10-31,3871.7685546875,3968.449951171875,4078.300048828125,3960.0,4070.0,3740372
2024-11-01,3887.134521484375,3984.199951171875,3998.949951171875,3976.050048828125,3989.85009765625,154895
2024-11-04,3867.572998046875,3964.14990234375,3991.89990234375,3913.25,3966.300048828125,2269192
2024-11-05,3874.597900390625,3971.35009765625,3986.0,3941.10009765625,3941.10009765625,967590
2024-11-06,4038.79736328125,4139.64990234375,4149.7998046875,3975.25,4003.60009765625,3792017
2024-11-07,4049.773193359375,4150.89990234375,4205.7998046875,4085.050048828125,4169.7001953125,3724349
2024-11-08,4045.968505859375,4147.0,4169.75,4117.64990234375,4155.0,1648039
2024-11-11,4096.4091796875,4198.7001953125,4234.2998046875,4117.64990234375,4128.2001953125,1406487
2024-11-12,4095.140380859375,4197.39990234375,4218.0,4164.35009765625,4216.0,1587640
2024-11-13,4049.23681640625,4150.35009765625,4196.75,4131.0498046875,4178.10009765625,1098813
2024-11-14,4044.895263671875,4145.89990234375,4160.0,4116.4501953125,4135.0,1825432
2024-11-18,3921.57470703125,4019.5,4213.0,3990.199951171875,4213.0,3313944
2024-11-19,3941.13623046875,4039.550048828125,4132.14990234375,4014.10009765625,4019.89990234375,1776233
2024-11-21,3973.625,4072.85009765625,4092.449951171875,4024.0,4044.89990234375,2384347
2024-11-22,4141.19091796875,4244.60009765625,4254.9501953125,4054.0,4071.0,3096553
2024-11-25,4209.97314453125,4315.10009765625,4328.10009765625,4252.2001953125,4280.0,4052167
2024-11-26,4246.6572265625,4352.7001953125,4366.60009765625,4310.0,4321.0498046875,2060669
2024-11-27,4226.998046875,4332.5498046875,4377.39990234375,4324.0498046875,4358.9501953125,1558993
2024-11-28,4141.48291015625,4244.89990234375,4339.9501953125,4233.0,4319.0,2558544
2024-11-29,4166.80126953125,4270.85009765625,4298.7001953125,4195.64990234375,4220.0,2017425
2024-12-02,4172.4599609375,4276.64990234375,4288.2001953125,4230.0498046875,4270.0,1670944
2024-12-03,4197.92431640625,4302.75,4325.0,4265.4501953125,4314.35009765625,2010905
2024-12-04,4248.31591796875,4354.39990234375,4386.9501953125,4289.0498046875,4313.5498046875,3302642
2024-12-05,4355.2939453125,4464.0498046875,4489.0,4360.0,4400.7998046875,3746747
2024-12-06,4337.1962890625,4445.5,4465.0,4412.75,4453.0,1842087
2024-12-09,4343.68408203125,4452.14990234375,4469.39990234375,4415.5498046875,4430.4501953125,2066639
2024-12-10,4324.5615234375,4432.5498046875,4493.7998046875,4412.10009765625,4426.14990234375,2087828
2024-12-11,4319.58642578125,4427.4501953125,4448.64990234375,4407.0,4431.85009765625,1635256
2024-12-12,4346.416015625,4454.9501953125,4485.0,4426.0,4430.0498046875,1914642
2024-12-13,4364.904296875,4473.89990234375,4494.89990234375,4394.39990234375,4434.9501953125,1967048
2024-12-16,4307.634765625,4415.2001953125,4475.0,4397.0,4459.0,1646224
2024-12-17,4223.046875,4328.5,4432.9501953125,4318.0,4410.0,3225027
2024-12-18,4241.92529296875,4347.85009765625,4362.0,4289.60009765625,4311.7001953125,1575404
2024-12-19,4167.8251953125,4271.89990234375,4364.0,4262.0,4282.0,3015763
2024-12-20,4068.700439453125,4170.2998046875,4382.0,4152.5,4329.0,4116989
2024-12-23,4056.9931640625,4158.2998046875,4217.0,4114.89990234375,4200.0498046875,2195338
2024-12-24,4077.676513671875,4179.5,4218.0,4158.2998046875,4158.2998046875,1181886
2024-12-26,4067.5302734375,4169.10009765625,4199.9501953125,4143.14990234375,4179.5,1208464
2024-12-27,4063.3837890625,4164.85009765625,4180.9501953125,4147.25,4163.0,858100
2024-12-30,4057.48095703125,4158.7998046875,4199.2998046875,4112.0,4151.0,1527169
2024-12-31,3995.040283203125,4094.800048828125,4139.9501953125,4032.050048828125,4135.0,1555429
2025-01-01,4012.26025390625,4112.4501953125,4134.0,4085.449951171875,4094.39990234375,763161
2025-01-02,4074.01806640625,4175.75,4183.0,4096.9501953125,4120.0,1720835
2025-01-03,4000.015869140625,4099.89990234375,4179.9501953125,4092.300048828125,4179.9501953125,1791953
2025-01-06,3995.2353515625,4095.0,4149.64990234375,4066.39990234375,4105.5,2085593
2025-01-07,3930.160400390625,4028.300048828125,4140.35009765625,4011.550048828125,4114.9501953125,2669054
2025-01-08,4008.308837890625,4108.39990234375,4126.0,4017.75,4034.89990234375,2181277
2025-01-09,3940.453369140625,4038.85009765625,4137.75,4025.300048828125,4101.0,2392472
2025-01-10,4161.7275390625,4265.64990234375,4297.0,4170.0,4200.0,7894300
2025-01-13,4186.55810546875,4291.10009765625,4322.9501953125,4227.39990234375,4245.0,4003771
2025-01-14,4129.921875,4233.0498046875,4313.89990234375,4219.0498046875,4302.0,3441709
2025-01-15,4146.0693359375,4249.60009765625,4256.4501953125,4207.4501953125,4218.0,1653474
2025-01-16,4103.82373046875,4206.2998046875,4294.0,4191.85009765625,4260.0,2637705
2025-01-17,4087.964599609375,4124.2998046875,4160.60009765625,4100.0498046875,4159.89990234375,1761466
2025-01-20,4041.87451171875,4077.800048828125,4145.7998046875,4068.10009765625,4145.7998046875,1287799
2025-01-21,4000.294189453125,4035.85009765625,4111.0,4030.0,4095.300048828125,1971591
2025-01-22,4119.98046875,4156.60009765625,4163.14990234375,4044.199951171875,4050.0,2409223
2025-01-23,4108.9287109375,4145.4501953125,4191.35009765625,4140.0498046875,4168.0,1822998
2025-01-24,4115.767578125,4152.35009765625,4178.0,4104.0,4104.0,1910099
2025-01-27,4029.335693359375,4065.14990234375,4156.35009765625,4041.050048828125,4102.0,1551782
2025-01-28,4004.704833984375,4040.300048828125,4102.0,4028.300048828125,4070.800048828125,2468272
2025-01-29,4063.680419921875,4099.7998046875,4107.85009765625,4054.0,4054.0,1217089
2025-01-30,4063.92822265625,4100.0498046875,4129.89990234375,4058.5,4099.89990234375,1531251
2025-01-31,4076.16943359375,4112.39990234375,4128.4501953125,4085.25,4110.0,1492943
2025-02-01,4037.265380859375,4073.14990234375,4135.89990234375,4056.0,4113.0,437172
2025-02-03,4032.804931640625,4068.64990234375,4077.0,3998.699951171875,4030.89990234375,1265713
2025-02-04,4070.866455078125,4107.0498046875,4118.85009765625,4066.050048828125,4083.699951171875,2547132
2025-02-05,4055.057373046875,4091.10009765625,4150.0,4076.0,4150.0,1693912
2025-02-06,4046.78076171875,4082.75,4139.5,4051.550048828125,4105.39990234375,2284536
2025-02-07,3993.900634765625,4029.39990234375,4090.0,4008.0,4090.0,1548940
2025-02-10,4001.38427734375,4036.949951171875,4052.0,4014.35009765625,4040.0,1339511
2025-02-11,3928.631103515625,3963.550048828125,4040.0,3955.0,4018.39990234375,1810908
2025-02-12,3915.348876953125,3950.14990234375,4021.75,3940.14990234375,3971.10009765625,1678002
2025-02-13,3875.701416015625,3910.14990234375,3984.449951171875,3902.25,3968.0,2277310
2025-02-14,3900.183837890625,3934.85009765625,3948.0,3900.0,3925.0,1681975
2025-02-17,3870.10107421875,3904.5,3934.0,3856.199951171875,3856.5,1799806
2025-02-18,3839.076904296875,3873.199951171875,3924.39990234375,3864.5,3898.39990234375,2149879
2025-02-19,3750.761962890625,3784.10009765625,3874.949951171875,3768.14990234375,3872.199951171875,4366672
2025-02-20,3746.103271484375,3779.39990234375,3788.0,3751.300048828125,3761.5,2888572
2025-02-21,3752.645263671875,3786.0,3817.0,3775.0,3776.10009765625,1833931
2025-02-24,3643.218017578125,3675.60009765625,3763.199951171875,3670.0,3743.14990234375,2508516
2025-02-25,3597.573486328125,3629.550048828125,3658.0,3621.25,3625.0,4101954
2025-02-27,3580.723388671875,3612.550048828125,3638.0,3600.699951171875,3611.699951171875,3823856
2025-02-28,3452.5625,3483.25,3600.0,3457.0,3584.949951171875,7085018
2025-03-03,3462.276123046875,3493.050048828125,3523.25,3476.14990234375,3485.0,4990439
2025-03-04,3500.9326171875,3532.050048828125,3551.0,3464.300048828125,3474.0,2797737
2025-03-05,3515.80029296875,3547.050048828125,3600.35009765625,3520.85009765625,3520.85009765625,2501894
2025-03-06,3569.869873046875,3601.60009765625,3609.449951171875,3536.10009765625,3557.0,2786513
2025-03-07,3579.385009765625,3611.199951171875,3625.0,3574.39990234375,3600.0,2051315
2025-03-10,3558.02490234375,3589.64990234375,3622.10009765625,3582.60009765625,3606.5,1004626
2025-03-11,3543.801513671875,3575.300048828125,3588.75,3537.64990234375,3558.0,1995450
2025-03-12,3475.31005859375,3506.199951171875,3569.25,3486.85009765625,3565.0,3174167
2025-03-13,3480.117431640625,3511.050048828125,3524.300048828125,3484.10009765625,3502.300048828125,1693004
2025-03-17,3466.885009765625,3497.699951171875,3530.449951171875,3477.35009765625,3489.0,2690906
2025-03-18,3466.885009765625,3497.699951171875,3497.699951171875,3497.699951171875,3497.699951171875,0
2025-03-19,3466.29052734375,3497.10009765625,3547.0,3462.75,3547.0,3051244
2025-03-20,3531.75830078125,3563.14990234375,3578.949951171875,3512.0,3512.0,2845192
2025-03-21,3546.576904296875,3578.10009765625,3616.25,3465.0,3475.0,4161925
2025-03-24,3596.978759765625,3628.949951171875,3649.75,3566.60009765625,3600.0,1834751
2025-03-25,3625.525146484375,3657.75,3710.0,3638.0,3645.0,3135390
2025-03-26,3603.7685546875,3635.800048828125,3680.5,3625.85009765625,3647.75,1734499
2025-03-27,3619.03271484375,3651.199951171875,3663.0,3610.5,3614.85009765625,2528474
2025-03-28,3574.379638671875,3606.14990234375,3660.949951171875,3591.89990234375,3651.0,2051919
2025-04-01,3519.517333984375,3550.800048828125,3584.0,3525.0,3572.699951171875,2618493
2025-04-02,3512.7275390625,3543.949951171875,3564.10009765625,3530.050048828125,3544.0,1764313
2025-04-03,3373.16796875,3403.14990234375,3502.0,3396.14990234375,3491.0,4537821
2025-04-04,3270.33203125,3299.39990234375,3399.64990234375,3295.5,3362.60009765625,5317367
2025-04-07,3245.20556640625,3274.050048828125,3291.39990234375,3056.050048828125,3100.0,6623955
2025-04-08,3263.93896484375,3292.949951171875,3349.0,3255.300048828125,3302.050048828125,5557558
2025-04-09,3217.997314453125,3246.60009765625,3270.0,3212.050048828125,3260.550048828125,2990265
2025-04-11,3203.0302734375,3231.5,3298.949951171875,3206.0,3289.550048828125,7108961
2025-04-15,3219.583251953125,3248.199951171875,3314.39990234375,3238.60009765625,3314.39990234375,3512160
2025-04-16,3244.957763671875,3273.800048828125,3278.10009765625,3229.0,3248.199951171875,2384391
2025-04-17,3269.83642578125,3298.89990234375,3303.60009765625,3218.0,3245.5,2932346
2025-04-21,3292.336669921875,3321.60009765625,3354.0,3284.10009765625,3290.10009765625,2432946
2025-04-22,3285.199951171875,3314.39990234375,3333.89990234375,3295.0,3322.60009765625,2710498
2025-04-23,3382.931396484375,3413.0,3420.89990234375,3337.300048828125,3365.0,3543923
2025-04-24,3371.6318359375,3401.60009765625,3412.5,3387.699951171875,3401.10009765625,2252175
2025-04-25,3417.623046875,3448.0,3477.800048828125,3405.0,3420.0,2742991
2025-04-28,3413.16259765625,3443.5,3457.800048828125,3405.0,3435.0,1593296
2025-04-29,3441.9072265625,3472.5,3495.0,3430.39990234375,3455.0,1578332
2025-04-30,3423.272705078125,3453.699951171875,3509.89990234375,3366.0,3472.0,2809332
2025-05-02,3400.772705078125,3431.0,3491.5,3420.0,3472.0,1721761
2025-05-05,3423.867431640625,3454.300048828125,3504.5,3446.39990234375,3450.0,1284443
2025-05-06,3429.517333984375,3460.0,3473.0,3437.0,3460.0,1324763
2025-05-07,3414.74853515625,3445.10009765625,3459.5,3420.60009765625,3420.60009765625,1477128
2025-05-08,3418.514892578125,3448.89990234375,3477.0,3428.699951171875,3448.0,2543591
2025-05-09,3409.990966796875,3440.300048828125,3446.199951171875,3398.10009765625,3399.0,2531757
2025-05-12,3588.50390625,3620.39990234375,3630.5,3502.199951171875,3505.0,2228678
2025-05-13,3484.03271484375,3515.0,3623.0,3510.5,3620.39990234375,3062887
2025-05-14,3517.435791015625,3548.699951171875,3561.0,3508.60009765625,3521.0,2119499
2025-05-15,3548.36083984375,3579.89990234375,3600.0,3514.10009765625,3564.0,3548330
2025-05-16,3529.9248046875,3561.300048828125,3593.89990234375,3546.10009765625,3593.89990234375,1666727
2025-05-19,3487.79931640625,3518.800048828125,3550.0,3503.699951171875,3550.0,2537377
2025-05-20,3467.47998046875,3498.300048828125,3558.0,3494.0,3531.800048828125,2038374
2025-05-21,3494.737548828125,3525.800048828125,3537.0,3498.300048828125,3508.0,1440153
2025-05-22,3446.367431640625,3477.0,3497.800048828125,3451.300048828125,3495.0,2034383
2025-05-23,3483.63623046875,3514.60009765625,3535.0,3465.60009765625,3477.0,1274331
2025-05-26,3506.13623046875,3537.300048828125,3545.0,3510.10009765625,3521.0,967470
2025-05-27,3467.876220703125,3498.699951171875,3540.0,3483.10009765625,3532.0,2467680
2025-05-28,3466.885009765625,3497.699951171875,3529.0,3493.0,3520.0,1222933
2025-05-29,3467.28173828125,3498.10009765625,3532.5,3486.5,3504.699951171875,3188072
2025-05-30,3432.88720703125,3463.39990234375,3506.699951171875,3453.10009765625,3490.0,3404365
2025-06-02,3419.4072265625,3449.800048828125,3460.0,3418.60009765625,3450.0,1877585
2025-06-03,3375.199951171875,3405.199951171875,3473.5,3400.5,3446.0,2848125
2025-06-04,3380.89990234375,3380.89990234375,3394.800048828125,3370.0,3389.0,2544807
